{
  "analysis": "cross_tier_interference_hardirq_reanalysis",
  "date_utc": "2026-07-08",
  "read_only": true,
  "source": "node-exporter 127.0.0.1:9100 via irs-prometheus v2.55",
  "method": "per-logical-CPU fraction = increase(node_cpu_seconds_total{mode}[Ws] @ t1)/W, W=round(t1-t0)",
  "host": "AMD Ryzen 5 9600X, 6 cores / 12 logical CPUs",
  "windows": [
    {
      "name": "idle",
      "t0": 1783479970.993,
      "t1": 1783480090.993,
      "duration_s": 120.0,
      "note": "Day-2 idle ref: R2 flood_start-150..-30",
      "mean_by_mode_pct": {
        "busy": 1.096,
        "user": 0.4857,
        "system": 0.1992,
        "irq": 0.0,
        "softirq": 0.0063,
        "iowait": 0.0556
      },
      "max_by_mode_pct": {
        "busy": 1.8952,
        "user": 1.1238,
        "system": 0.2571,
        "irq": 0.0,
        "softirq": 0.0286,
        "iowait": 0.1905
      },
      "per_cpu_busy_pct": {
        "0": 1.581,
        "1": 1.895,
        "2": 1.276,
        "3": 0.781,
        "4": 0.771,
        "5": 0.714,
        "6": 1.8,
        "7": 1.39,
        "8": 0.857,
        "9": 0.781,
        "10": 0.667,
        "11": 0.638
      },
      "per_cpu_irq_pct": {
        "0": 0.0,
        "1": 0.0,
        "2": 0.0,
        "3": 0.0,
        "4": 0.0,
        "5": 0.0,
        "6": 0.0,
        "7": 0.0,
        "8": 0.0,
        "9": 0.0,
        "10": 0.0,
        "11": 0.0
      },
      "per_cpu_softirq_pct": {
        "0": 0.02857,
        "1": 0.00952,
        "2": 0.01905,
        "3": 0.0,
        "4": 0.0,
        "5": 0.0,
        "6": 0.00952,
        "7": 0.00952,
        "8": 0.0,
        "9": 0.0,
        "10": 0.0,
        "11": 0.0
      }
    },
    {
      "name": "R2_loaded",
      "t0": 1783480141.067,
      "t1": 1783480497.618,
      "duration_s": 356.551,
      "note": "R2 victim-probe window (commit 825b3c8)",
      "mean_by_mode_pct": {
        "busy": 45.2374,
        "user": 37.5329,
        "system": 7.47,
        "irq": 0.0,
        "softirq": 0.0051,
        "iowait": 0.0587
      },
      "max_by_mode_pct": {
        "busy": 71.629,
        "user": 58.9768,
        "system": 15.8261,
        "irq": 0.0,
        "softirq": 0.0203,
        "iowait": 0.1159
      },
      "per_cpu_busy_pct": {
        "0": 37.954,
        "1": 35.113,
        "2": 34.412,
        "3": 26.504,
        "4": 36.322,
        "5": 32.023,
        "6": 63.458,
        "7": 66.125,
        "8": 66.562,
        "9": 71.629,
        "10": 57.159,
        "11": 15.588
      },
      "per_cpu_irq_pct": {
        "0": 0.0,
        "1": 0.0,
        "2": 0.0,
        "3": 0.0,
        "4": 0.0,
        "5": 0.0,
        "6": 0.0,
        "7": 0.0,
        "8": 0.0,
        "9": 0.0,
        "10": 0.0,
        "11": 0.0
      },
      "per_cpu_softirq_pct": {
        "0": 0.02029,
        "1": 0.0087,
        "2": 0.01159,
        "3": 0.0058,
        "4": 0.0058,
        "5": 0.0029,
        "6": 0.0,
        "7": 0.0029,
        "8": 0.0,
        "9": 0.0,
        "10": 0.0,
        "11": 0.0029
      }
    },
    {
      "name": "R3_loaded",
      "t0": 1783480853.905,
      "t1": 1783481118.255,
      "duration_s": 264.35,
      "note": "R3 victim-probe window (commit 8617dbe)",
      "mean_by_mode_pct": {
        "busy": 49.6007,
        "user": 43.6642,
        "system": 5.7375,
        "irq": 0.0,
        "softirq": 0.0045,
        "iowait": 0.0469
      },
      "max_by_mode_pct": {
        "busy": 80.225,
        "user": 71.5167,
        "system": 14.1292,
        "irq": 0.0,
        "softirq": 0.0167,
        "iowait": 0.1292
      },
      "per_cpu_busy_pct": {
        "0": 31.979,
        "1": 21.458,
        "2": 21.454,
        "3": 31.242,
        "4": 45.708,
        "5": 52.867,
        "6": 69.738,
        "7": 80.225,
        "8": 80.008,
        "9": 70.104,
        "10": 55.558,
        "11": 34.867
      },
      "per_cpu_irq_pct": {
        "0": 0.0,
        "1": 0.0,
        "2": 0.0,
        "3": 0.0,
        "4": 0.0,
        "5": 0.0,
        "6": 0.0,
        "7": 0.0,
        "8": 0.0,
        "9": 0.0,
        "10": 0.0,
        "11": 0.0
      },
      "per_cpu_softirq_pct": {
        "0": 0.01667,
        "1": 0.00833,
        "2": 0.00833,
        "3": 0.00417,
        "4": 0.00417,
        "5": 0.00417,
        "6": 0.0,
        "7": 0.0,
        "8": 0.0,
        "9": 0.0,
        "10": 0.00417,
        "11": 0.00417
      }
    }
  ]
}